wt_variant,site,interaction_strength,interaction_strength_signed,outlier_type,n_haplotypes,interaction_strength_weighted,clinical_variant,wt_position,clinical_position,position_distance,is_epistatic,epistasis_pvalue,epistasis_fstat,additive_r2,interaction_r2,delta_r2,additive_mse,interaction_mse,epistasis_coefficient,joint_effect,expected_additive_effect,deviation_from_additive,wt_individual_effect
chr1:1000-A_G,chr1:2600-C_T,0.03371315378463416,-0.03371315378463416,more pathogenic,61,1.4340510384441285,chr1:2600-C_T,1000,2600,1600,False,0.9998487390331899,3.609354696485129e-08,0.016977905603311694,0.016977905906566004,3.0325431055189256e-10,0.007123714308103757,0.007123714305906149,0.009254895737852459,-0.03371315378463416,-0.030737446898364065,-0.0029757068862700936,-0.030737446898364065
chr1:1000-A_G,chr1:4300-C_T,0.1263532423903835,0.1263532423903835,more benign,61,2.7762470685825846,chr1:4300-C_T,1000,4300,3300,False,0.9815354650378296,0.0005379366067247051,0.0873279076981548,0.08733210391585644,4.196217701646354e-06,0.0407083024682159,0.040708115302528616,0.15161142859621465,0.1263532423903835,-0.030737446898364065,0.1570906892887476,-0.030737446898364065
chr1:1000-A_G,chr1:6000-C_T,0.289013817663906,-0.289013817663906,more pathogenic,61,4.1987906446378425,chr1:6000-C_T,1000,6000,5000,False,0.8817212423167005,0.022234665335690563,0.6078718276992086,0.6079463335288463,7.450582963774988e-05,0.011288677003672313,0.011286532112524257,-0.22546643102893704,-0.289013817663906,-0.030737446898364065,-0.25827637076554194,-0.030737446898364065
chr1:1000-A_G,chr1:900-C_T,0.03716073267406881,0.03716073267406881,more benign,61,1.5055911440753753,chr1:900-C_T,1000,900,100,False,0.9959199324502448,2.626118714627118e-05,0.02372119721639332,0.023721416346603408,2.1913021008845845e-07,0.01570225688658702,0.015702253362144165,0.06856729532386013,0.03716073267406881,-0.030737446898364065,0.06789817957243288,-0.030737446898364065
chr1:2500-A_G,chr1:2600-C_T,0.10268477273408547,-0.10268477273408547,more pathogenic,59,2.4613820490348592,chr1:2600-C_T,2500,2600,100,False,0.9778967715077032,0.0007709030921523264,0.45523565052265624,0.4552392399051728,3.5893825165445037e-06,0.0039477704652186125,0.003947744453864711,0.05414257544260881,-0.10268477273408547,-0.1653828187484243,0.06269804601433884,-0.1653828187484243
chr1:2500-A_G,chr1:4300-C_T,0.30245241006072904,-0.30245241006072904,more pathogenic,59,4.224297834384196,chr1:4300-C_T,2500,4300,1800,False,0.9408342199658375,0.0055325386106221145,0.5617425534923266,0.561763276241,2.0722748673374092e-05,0.019547783746061906,0.019546859440467284,-0.14118386993681814,-0.30245241006072904,-0.1653828187484243,-0.13706959131230473,-0.1653828187484243
chr1:2500-A_G,chr1:6000-C_T,0.1243787527887759,-0.1243787527887759,more pathogenic,59,2.7089382448734,chr1:6000-C_T,2500,6000,3500,False,0.9931902461773995,7.315589348554255e-05,0.15598118457519028,0.15598171230948044,5.277342901566229e-07,0.024297809913652987,0.02429779472111553,0.03560041966462282,-0.1243787527887759,-0.1653828187484243,0.04100406595964841,-0.1653828187484243
chr1:2500-A_G,chr1:900-C_T,0.1109363566313657,-0.1109363566313657,more pathogenic,59,2.5583676516971865,chr1:900-C_T,2500,900,1600,False,0.9914469154787844,0.00011540860485567667,0.142120401536586,0.14212124774675627,8.462101702688685e-07,0.01379794971930824,0.013797936109047077,0.0727863314037308,-0.1109363566313657,-0.1653828187484243,0.054446462117058614,-0.1653828187484243
chr1:4000-A_G,chr1:2600-C_T,0.024912723229472734,-0.024912723229472734,more pathogenic,60,1.2226051667518685,chr1:2600-C_T,4000,2600,1400,False,0.9990320229828883,1.47810784272068e-06,0.005580989609813902,0.0055810021727071835,1.256289328122051e-08,0.007206304896854424,0.0072063048058142905,-0.020843754513859322,-0.024912723229472734,0.008528515407118742,-0.03344123863659147,0.008528515407118742
chr1:4000-A_G,chr1:4300-C_T,0.14741184456010117,0.14741184456010117,more benign,60,2.9740058294505864,chr1:4300-C_T,4000,4300,300,False,0.9711782110489287,0.0013110192702081734,0.22853202687205432,0.22854067129979883,8.644427744508576e-06,0.03441011493561407,0.034409729364517666,0.18698342253012165,0.14741184456010117,0.008528515407118742,0.13888332915298243,0.008528515407118742
chr1:4000-A_G,chr1:6000-C_T,0.032670596774502965,-0.032670596774502965,more pathogenic,60,1.400084214063632,chr1:6000-C_T,4000,6000,2000,False,0.9985706977561242,3.2227338099427737e-06,0.008004299955934213,0.008004327280190626,2.7324256413052694e-08,0.028557802876349625,0.02855780208973258,-0.03792428349085243,-0.032670596774502965,0.008528515407118742,-0.04119911218162171,0.008528515407118742
chr1:4000-A_G,chr1:900-C_T,0.11751489188489606,-0.11751489188489606,more pathogenic,60,2.6553518623891943,chr1:900-C_T,4000,900,3100,False,0.972786514654368,0.001168731559845302,0.2418929574503882,0.24190053022625002,7.572775861830472e-06,0.012193229532079982,0.012193107733192628,-0.1293158381263284,-0.11751489188489606,0.008528515407118742,-0.1260434072920148,0.008528515407118742
chr1:5500-A_G,chr1:2600-C_T,0.0060439858507228645,-0.0060439858507228645,more pathogenic,61,0.6071928333685228,chr1:2600-C_T,5500,2600,2900,False,0.9998112152559139,5.622243008404963e-08,0.00020542078171115197,0.00020542126214606604,4.804349140741238e-10,0.0072452602944932274,0.0072452602910116366,0.03775997328802933,-0.0060439858507228645,-0.04012298560969697,0.03407899975897411,-0.04012298560969697
chr1:5500-A_G,chr1:4300-C_T,0.1371993068512336,0.1371993068512336,more benign,61,2.89294965699807,chr1:4300-C_T,5500,4300,1200,False,0.9824126785849856,0.00048802993959445293,0.06435372799794326,0.06435763074571199,3.9027477687358925e-06,0.04173302960086723,0.04173285552494448,0.14388613770758713,0.1371993068512336,-0.04012298560969697,0.17732229246093056,-0.04012298560969697
chr1:5500-A_G,chr1:6000-C_T,0.12495630618269501,-0.12495630618269501,more pathogenic,61,2.760857598128595,chr1:6000-C_T,5500,6000,500,False,0.990032206114544,0.00015674611909683537,0.08529595456049233,0.08529717999739117,1.2254368988440234e-06,0.026332712751376483,0.026332677473214095,-0.05584887351079826,-0.12495630618269501,-0.04012298560969697,-0.08483332057299804,-0.04012298560969697
chr1:5500-A_G,chr1:900-C_T,0.13523129409886558,-0.13523129409886558,more pathogenic,61,2.872126205449684,chr1:900-C_T,5500,900,4600,False,0.9683759349220833,0.001578489296239865,0.42827661600058,0.42828432922337323,7.713222793248597e-06,0.009195475122507159,0.009195351064701767,-0.12061868596756754,-0.13523129409886558,-0.04012298560969697,-0.09510830848916861,-0.04012298560969697
chr1:7000-A_G,chr1:2600-C_T,0.07211126600305506,0.07211126600305506,more benign,57,2.0273978795920002,chr1:2600-C_T,7000,2600,4400,False,0.9880781422209682,0.00022423139809731821,0.23054328955368664,0.23054476422055237,1.4746668657306117e-06,0.0055760595910481076,0.00557604890450758,0.06345542319286517,0.07211126600305506,0.015789786757101437,0.056321479245953626,0.015789786757101437
chr1:7000-A_G,chr1:4300-C_T,0.0278608830973888,-0.0278608830973888,more pathogenic,57,1.260186627667173,chr1:4300-C_T,7000,4300,2700,False,0.9982265824427334,4.961334921687208e-06,0.0108964005528982,0.010896442495411107,4.194251290723372e-08,0.04411740956945691,0.04411740769867712,0.0269518167019549,-0.0278608830973888,0.015789786757101437,-0.04365066985449024,0.015789786757101437
chr1:7000-A_G,chr1:6000-C_T,0.08017444798229238,0.08017444798229238,more benign,57,2.1377426259937526,chr1:6000-C_T,7000,6000,1000,False,0.9966701929233714,1.749107537815977e-05,0.017594391947859722,0.01759453881391082,1.4686605109837103e-07,0.028281721078153018,0.02828171685013899,0.027843688277055502,0.08017444798229238,0.015789786757101437,0.06438466122519095,0.015789786757101437
chr1:7000-A_G,chr1:900-C_T,0.11477019553650544,-0.11477019553650544,more pathogenic,57,2.557714046874828,chr1:900-C_T,7000,900,6100,False,0.9765306291236414,0.0008691717512397991,0.18064373355419905,0.1806498203578787,6.086803679639097e-06,0.013178348787952241,0.013178250889119732,-0.12029326113964955,-0.11477019553650544,0.015789786757101437,-0.13055998229360688,0.015789786757101437
chr1:8500-A_G,chr1:2600-C_T,0.09015010850012131,0.09015010850012131,more benign,69,2.4940644511536525,chr1:2600-C_T,8500,2600,5900,False,0.972757859351654,0.0011711951314816802,0.32536827153479764,0.32537502467570933,6.7531409116972085e-06,0.004888886754593093,0.0048888378162764345,0.10489605978589461,0.09015010850012131,-0.00985652741766789,0.1000066359177892,-0.00985652741766789
chr1:8500-A_G,chr1:4300-C_T,0.13627179160314384,-0.13627179160314384,more pathogenic,69,3.0663909764765687,chr1:4300-C_T,8500,4300,4200,False,0.9842712921816937,0.0003903182782099453,0.09210969148154591,0.09211272024222827,3.0287606823664603e-06,0.040495018527319945,0.04049488343421585,-0.11559670562164513,-0.13627179160314384,-0.00985652741766789,-0.12641526418547594,-0.00985652741766789
chr1:8500-A_G,chr1:6000-C_T,0.005660113936768804,-0.005660113936768804,more pathogenic,69,0.6249382862627697,chr1:6000-C_T,8500,6000,2500,False,0.9999921077059316,9.826126057672812e-11,2.265293455805395e-05,2.2652935397937668e-05,8.398837181289309e-13,0.028787580386730908,0.028787580386706733,0.01143710136547934,-0.005660113936768804,-0.00985652741766789,0.004196413480899087,-0.00985652741766789
chr1:8500-A_G,chr1:900-C_T,0.0038611162827679414,-0.0038611162827679414,more pathogenic,69,0.5161560069504064,chr1:900-C_T,8500,900,7600,False,0.9999112442428866,1.2427073918241162e-08,0.001401589289676819,0.0014015893957423087,1.0606548972447172e-10,0.016061240627987465,0.01606124062628153,0.0005636635031046264,-0.0038611162827679414,-0.00985652741766789,0.005995411134899949,-0.00985652741766789
