wt_variant,site,interaction_strength,interaction_strength_signed,outlier_type,n_haplotypes,interaction_strength_weighted,clinical_variant,wt_position,clinical_position,position_distance,is_epistatic,epistasis_pvalue,epistasis_fstat,additive_r2,interaction_r2,delta_r2,additive_mse,interaction_mse,epistasis_coefficient,joint_effect,expected_additive_effect,deviation_from_additive,wt_individual_effect,clinical_individual_effect
chr1:1000-A_G,chr1:2600-C_T,0.03371315378463416,-0.03371315378463416,more pathogenic,61,1.4340510384441285,chr1:2600-C_T,1000,2600,1600,False,0.9931704213265302,7.358247328283523e-05,0.016977905603311694,0.016978523835375903,6.182320642089678e-07,0.007123714308103757,0.0071237098279312095,0.0028734672404929803,-0.03371315378463416,0.1024447672424995,-0.13615792102713364,-0.030737446898364065,0.13318221414086356
chr1:1000-A_G,chr1:4300-C_T,0.1263532423903835,0.1263532423903835,more benign,61,2.7762470685825846,chr1:4300-C_T,1000,4300,3300,False,0.9924285719243772,9.043668192362766e-05,0.0873279076981548,0.08732861315945317,7.054612983781183e-07,0.0407083024682159,0.04070827100222482,0.007641805361900981,0.1263532423903835,0.06288553539915707,0.06346770699122643,-0.030737446898364065,0.09362298229752114
chr1:1000-A_G,chr1:6000-C_T,0.28901381766390605,-0.28901381766390605,more pathogenic,61,4.1987906446378425,chr1:6000-C_T,1000,6000,5000,False,0.9390286512520357,0.005876043215152103,0.6078718276992086,0.6078915204032354,1.9692704026796903e-05,0.011288677003672313,0.011288110085529749,0.03233979729315621,-0.28901381766390605,-0.16077826942992274,-0.1282355482339833,-0.030737446898364065,-0.1300408225315587
chr1:1000-A_G,chr1:900-C_T,0.03716073267406884,0.03716073267406884,more benign,61,1.5055911440753758,chr1:900-C_T,1000,900,100,False,0.9902629688731913,0.00014957216090620088,0.02372119721639332,0.023722445284286575,1.248067893255822e-06,0.01570225688658702,0.01570223681293325,0.00606989224088951,0.03716073267406884,-0.12750182080519018,0.164662553479259,-0.030737446898364065,-0.09676437390682613
chr1:2500-A_G,chr1:2600-C_T,0.10268477273408548,-0.10268477273408548,more pathogenic,59,2.4613820490348597,chr1:2600-C_T,2500,2600,100,False,0.9751713165092672,0.0009728037141060673,0.45523565052265624,0.45524017996176924,4.5294391129990785e-06,0.0039477704652186125,0.003947737641510579,0.007803160629669316,-0.10268477273408548,-0.032200604607560745,-0.07048416812652473,-0.1653828187484243,0.13318221414086356
chr1:2500-A_G,chr1:4300-C_T,0.30245241006072904,-0.30245241006072904,more pathogenic,59,4.224297834384196,chr1:4300-C_T,2500,4300,1800,False,0.9029342431591612,0.014937797981951481,0.5617425534923266,0.561798500205825,5.594671349840041e-05,0.019547783746061906,0.01954528833094578,0.06725870987593932,-0.30245241006072904,-0.07175983645090317,-0.23069257360982587,-0.1653828187484243,0.09362298229752114
chr1:2500-A_G,chr1:6000-C_T,0.12437875278877586,-0.12437875278877586,more pathogenic,59,2.7089382448734,chr1:6000-C_T,2500,6000,3500,False,0.9721522846933807,0.0012238653134283566,0.15598118457519028,0.15599001324653194,8.828671341665206e-06,0.024297809913652987,0.02429755575180952,-0.021587425308367963,-0.12437875278877586,-0.295423641279983,0.17104488849120714,-0.1653828187484243,-0.1300408225315587
chr1:2500-A_G,chr1:900-C_T,0.11093635663136561,-0.11093635663136561,more pathogenic,59,2.5583676516971856,chr1:900-C_T,2500,900,1600,False,0.976584690437035,0.0008651709536521198,0.142120401536586,0.1421267451863465,6.343649760487402e-06,0.01379794971930824,0.013797847689418977,-0.013698486576548275,-0.11093635663136561,-0.26214719265525044,0.15121083602388483,-0.1653828187484243,-0.09676437390682613
chr1:4000-A_G,chr1:2600-C_T,0.024912723229472727,-0.024912723229472727,more pathogenic,60,1.2226051667518683,chr1:2600-C_T,4000,2600,1400,False,0.995267922117069,3.532520891841387e-05,0.005580989609813902,0.0055812898495463115,3.002397324092243e-07,0.007206304896854424,0.007206302721092466,0.0019983173074169013,-0.024912723229472727,0.1417107295479823,-0.16662345277745502,0.008528515407118742,0.13318221414086356
chr1:4000-A_G,chr1:4300-C_T,0.14741184456010112,0.14741184456010112,more benign,60,2.974005829450586,chr1:4300-C_T,4000,4300,300,False,0.9904886639625191,0.0001427183125268773,0.22853202687205432,0.22853296791883204,9.410467777248854e-07,0.03441011493561407,0.03441007296170341,0.008831430535166983,0.14741184456010112,0.10215149770463988,0.045260346855461236,0.008528515407118742,0.09362298229752114
chr1:4000-A_G,chr1:6000-C_T,0.03267059677450296,-0.03267059677450296,more pathogenic,60,1.4000842140636318,chr1:6000-C_T,4000,6000,2000,False,0.9969316145596104,1.4852440078615963e-05,0.008004299955934213,0.008004425883753274,1.2592781906128891e-07,0.028557802876349625,0.02855779925111029,-0.002591773720151682,-0.03267059677450296,-0.12151230712443994,0.08884171034993699,0.008528515407118742,-0.1300408225315587
chr1:4000-A_G,chr1:900-C_T,0.11751489188489601,-0.11751489188489601,more pathogenic,60,2.655351862389194,chr1:900-C_T,4000,900,3100,False,0.9936086501220058,6.44422072783256e-05,0.2418929574503882,0.241893375006493,4.1755610480365135e-07,0.012193229532079982,0.012193222816197998,0.003533604547131873,-0.11751489188489601,-0.08823585849970739,-0.029279033385188627,0.008528515407118742,-0.09676437390682613
chr1:5500-A_G,chr1:2600-C_T,0.006043985850722861,-0.006043985850722861,more pathogenic,61,0.6071928333685227,chr1:2600-C_T,5500,2600,2900,False,0.9994544245179623,4.6955403015099815e-07,0.00020542078171115197,0.00020542479416907344,4.012457921476198e-09,0.0072452602944932274,0.007245260265415953,0.0002319772791321921,-0.006043985850722861,0.09305922853116659,-0.09910321438188945,-0.04012298560969697,0.13318221414086356
chr1:5500-A_G,chr1:4300-C_T,0.13719930685123363,0.13719930685123363,more benign,61,2.89294965699807,chr1:4300-C_T,5500,4300,1200,False,0.9915525727740027,0.00011257479580425473,0.06435372799794326,0.06435462825509419,9.002571509375557e-07,0.04173302960086723,0.04173298944631368,0.008626421191440223,0.13719930685123363,0.05349999668782417,0.08369931016340947,-0.04012298560969697,0.09362298229752114
chr1:5500-A_G,chr1:6000-C_T,0.12495630618269506,-0.12495630618269506,more pathogenic,61,2.7608575981285957,chr1:6000-C_T,5500,6000,500,False,0.9946682853430923,4.4845219985087765e-05,0.08529595456049233,0.08529630515953868,3.50599046350375e-07,0.026332712751376483,0.026332702658249614,-0.00433008408095943,-0.12495630618269506,-0.17016380814125565,0.04520750195856059,-0.04012298560969697,-0.1300408225315587
chr1:5500-A_G,chr1:900-C_T,0.13523129409886553,-0.13523129409886553,more pathogenic,61,2.8721262054496837,chr1:900-C_T,5500,900,4600,False,0.9994455978498858,4.848704267193669e-07,0.42827661600058,0.42827661836991127,2.3693312867223426e-09,0.009195475122507159,0.009195475084399348,-0.0002661980169702348,-0.13523129409886553,-0.1368873595165231,0.0016560654176575595,-0.04012298560969697,-0.09676437390682613
chr1:7000-A_G,chr1:2600-C_T,0.07211126600305505,0.07211126600305505,more benign,57,2.027397879592,chr1:2600-C_T,7000,2600,4400,False,0.9837631047550006,0.00041595133194056874,0.23054328955368664,0.230546025069975,2.7355162883768713e-06,0.0055760595910481076,0.005576039767448379,-0.00605622440314033,0.07211126600305505,0.148972000897965,-0.07686073489490995,0.015789786757101437,0.13318221414086356
chr1:7000-A_G,chr1:4300-C_T,0.027860883097388794,-0.027860883097388794,more pathogenic,57,1.2601866276671727,chr1:4300-C_T,7000,4300,2700,False,0.9944903111282631,4.788913097345574e-05,0.0108964005528982,0.010896805401551468,4.04848653268175e-07,0.04411740956945691,0.044117391511819815,-0.005762223538612229,-0.027860883097388794,0.10941276905462258,-0.13727365215201137,0.015789786757101437,0.09362298229752114
chr1:7000-A_G,chr1:6000-C_T,0.0801744479822924,0.0801744479822924,more benign,57,2.1377426259937526,chr1:6000-C_T,7000,6000,1000,False,0.9901821350931113,0.00015206599899210687,0.017594391947859722,0.0175956687879969,1.2768401371765492e-06,0.028281721078153018,0.028281684320182254,0.008184094199988659,0.0801744479822924,-0.11425103577445725,0.19442548375674965,0.015789786757101437,-0.1300408225315587
chr1:7000-A_G,chr1:900-C_T,0.11477019553650548,-0.11477019553650548,more pathogenic,57,2.5577140468748287,chr1:900-C_T,7000,900,6100,False,0.9938543043800667,5.9583581835001296e-05,0.18064373355419905,0.18064415082049212,4.172662930734816e-07,0.013178348787952241,0.013178342076731527,0.0035278594680852853,-0.11477019553650548,-0.08097458714972469,-0.03379560838678079,0.015789786757101437,-0.09676437390682613
chr1:8500-A_G,chr1:2600-C_T,0.0901501085001213,0.0901501085001213,more benign,69,2.4940644511536525,chr1:2600-C_T,8500,2600,5900,False,0.9909031496276816,0.00013055003028309269,0.32536827153479764,0.32536902429628745,7.527614898084067e-07,0.004888886754593093,0.004888881299519574,-0.0031496392010113977,0.0901501085001213,0.12332568672319567,-0.033175578223074376,-0.00985652741766789,0.13318221414086356
chr1:8500-A_G,chr1:4300-C_T,0.13627179160314382,-0.13627179160314382,more pathogenic,69,3.0663909764765687,chr1:4300-C_T,8500,4300,4200,False,0.9732403407157378,0.0011300611666021818,0.09210969148154591,0.0921184603847236,8.768903177691634e-06,0.040495018527319945,0.04049462740419272,0.02636986616052713,-0.13627179160314382,0.08376645487985325,-0.22003824648299708,-0.00985652741766789,0.09362298229752114
chr1:8500-A_G,chr1:6000-C_T,0.005660113936768812,-0.005660113936768812,more pathogenic,69,0.6249382862627701,chr1:6000-C_T,8500,6000,2500,False,0.999750772821989,9.798658636808396e-08,2.265293455805395e-05,2.265377203136687e-05,8.374733129201672e-10,0.028787580386730908,0.028787580362621534,0.00020853801589510246,-0.005660113936768812,-0.1398973499492266,0.13423723601245777,-0.00985652741766789,-0.1300408225315587
chr1:8500-A_G,chr1:900-C_T,0.0038611162827679453,-0.0038611162827679453,more pathogenic,69,0.5161560069504066,chr1:900-C_T,8500,900,7600,False,0.9984902481368777,3.5957334250224864e-06,0.001401589289676819,0.0014016199793654982,3.0689688679252924e-08,0.016061240627987465,0.016061240134381156,-0.000945280102894871,-0.0038611162827679453,-0.10662090132449402,0.10275978504172607,-0.00985652741766789,-0.09676437390682613
