,chr1:1000-A_G,chr1:2500-A_G,chr1:4000-A_G,chr1:5500-A_G,chr1:7000-A_G,chr1:8500-A_G
hap_000,1,0,1,1,0,1
hap_001,1,1,0,0,0,1
hap_002,1,1,0,0,1,0
hap_003,1,1,1,0,1,1
hap_004,1,0,0,0,0,1
hap_005,1,1,0,0,0,0
hap_006,0,0,0,1,0,1
hap_007,1,0,1,1,0,0
hap_008,1,0,0,0,1,1
hap_009,1,1,0,1,0,0
hap_010,1,0,1,1,1,1
hap_011,1,0,0,0,0,0
hap_012,1,0,0,0,0,1
hap_013,1,1,1,0,1,0
hap_014,0,0,1,0,0,1
hap_015,0,1,0,0,0,1
hap_016,0,0,0,1,1,1
hap_017,0,1,1,1,0,0
hap_018,0,1,0,0,0,1
hap_019,0,1,1,1,0,1
hap_020,1,1,0,0,0,0
hap_021,0,0,0,1,0,1
hap_022,1,0,1,0,1,0
hap_023,1,0,0,0,1,1
hap_024,0,0,0,1,0,0
hap_025,1,1,0,1,0,1
hap_026,0,1,1,1,0,1
hap_027,0,0,1,0,1,1
hap_028,0,1,0,1,0,1
hap_029,0,0,0,1,1,1
hap_030,1,1,1,0,1,1
hap_031,0,0,1,0,1,0
hap_032,0,1,0,0,1,1
hap_033,0,0,1,1,1,0
hap_034,0,0,0,1,0,1
hap_035,1,1,0,1,1,1
hap_036,0,0,1,0,0,0
hap_037,1,1,0,1,0,1
hap_038,1,0,0,0,1,1
hap_039,1,1,0,1,0,0
hap_040,1,1,0,1,1,1
hap_041,1,0,0,0,1,1
hap_042,0,0,0,1,1,0
hap_043,0,1,0,1,0,0
hap_044,1,0,0,0,0,0
hap_045,0,0,0,1,1,0
hap_046,0,1,1,1,0,0
hap_047,0,0,1,0,0,0
hap_048,1,0,1,0,1,0
hap_049,1,1,1,1,1,1
hap_050,1,0,1,1,1,0
hap_051,0,1,0,0,0,0
hap_052,0,0,0,0,0,1
hap_053,0,1,1,0,0,1
hap_054,1,1,1,1,1,0
hap_055,1,0,1,1,0,1
hap_056,0,1,0,1,0,1
hap_057,1,1,1,1,1,0
hap_058,1,0,1,0,1,1
hap_059,0,1,1,1,0,1
hap_060,1,0,0,0,1,0
hap_061,1,1,0,1,1,0
hap_062,0,0,0,0,1,0
hap_063,0,1,1,1,1,0
hap_064,0,1,1,1,0,1
hap_065,1,0,1,1,0,0
hap_066,1,0,0,0,0,1
hap_067,1,0,1,1,0,1
hap_068,0,1,1,1,0,1
hap_069,0,0,0,1,0,1
hap_070,1,0,0,0,1,1
hap_071,0,1,0,1,1,1
hap_072,1,1,0,0,0,1
hap_073,1,1,1,0,1,0
hap_074,0,1,1,1,0,1
hap_075,0,1,1,0,0,0
hap_076,1,0,1,1,1,0
hap_077,1,0,1,1,1,1
hap_078,0,1,0,0,0,0
hap_079,0,0,0,1,1,0
hap_080,0,0,1,0,0,0
hap_081,0,0,1,1,1,1
hap_082,1,0,1,1,0,1
hap_083,0,1,1,1,1,1
hap_084,1,1,0,1,0,0
hap_085,0,1,0,0,0,0
hap_086,0,1,0,1,1,0
hap_087,0,1,0,0,1,1
hap_088,1,0,1,1,0,1
hap_089,0,0,1,0,0,1
hap_090,1,1,1,1,0,0
hap_091,0,0,1,0,0,0
hap_092,0,1,0,0,0,0
hap_093,1,0,0,0,1,1
hap_094,1,1,1,0,0,1
hap_095,0,1,0,1,1,1
hap_096,1,1,1,0,0,1
hap_097,0,0,1,1,0,0
hap_098,0,0,1,0,0,1
hap_099,0,0,1,1,1,1
hap_100,0,1,1,1,1,1
hap_101,1,0,1,0,1,1
hap_102,1,1,0,1,1,0
hap_103,0,0,1,0,1,0
hap_104,1,0,1,0,1,1
hap_105,1,1,0,0,0,0
hap_106,1,1,1,1,1,1
hap_107,0,0,1,1,0,1
hap_108,1,0,0,1,1,0
hap_109,1,0,1,0,1,0
hap_110,0,1,0,0,0,1
hap_111,1,1,0,0,0,1
hap_112,1,1,1,0,1,0
hap_113,0,0,0,0,0,0
hap_114,1,0,0,1,1,1
hap_115,0,1,0,0,1,1
hap_116,1,1,1,0,0,0
hap_117,0,1,0,1,1,1
hap_118,0,0,1,1,1,1
hap_119,1,0,1,0,1,1
