,chr1:900-C_T,chr1:2600-C_T,chr1:4300-C_T,chr1:6000-C_T
hap_000,0.3398860785357156,0.5750985619572364,0.824299551910127,0.1037510474221567
hap_001,0.48904640511212333,0.5069455110610301,0.23915509139496943,0.1444553356023772
hap_002,0.3419552366285826,0.4812292716406321,0.3377917104043795,0.23796546853412143
hap_003,0.2512002516899897,0.5793373075100329,0.345370972935263,0.16843305634630684
hap_004,0.6113964766895804,0.6271214346133391,0.5610083909479813,0.2567494209364781
hap_005,0.49937827237979476,0.42818106405084755,0.39064130321445784,0.14175396967415857
hap_006,0.40198825479505834,0.6214873157733193,0.5802291348008285,0.4474928154350128
hap_007,0.3307971563184554,0.4717132108255794,0.98642806605325,0.10868962726479522
hap_008,0.5067238046889582,0.7086832246906928,0.5186881662353711,0.3346116786743366
hap_009,0.3566629247498597,0.41432187549410904,0.5080395697867279,0.026799246866209644
hap_010,0.24393271398222355,0.6822201900548427,0.8030743188631669,0.19341844896362398
hap_011,0.6158268725528024,0.5376126353410843,0.7101595682697369,0.2694879141546183
hap_012,0.6153399443537665,0.6349305117401227,0.5582019828972368,0.2352109981428117
hap_013,0.25035679393927873,0.46678071503174495,0.4831775280663159,0.20787034855575803
hap_014,0.46279263086336747,0.650705471417368,0.57876337019908,0.5483315265563911
hap_015,0.451558336710797,0.5566462406937609,0.09720901107979137,0.4384839907593393
hap_016,0.30177562217739573,0.7096160501602592,0.5361208976042421,0.517770523982265
hap_017,0.21487346868810747,0.43645554691894034,0.5436094732585101,0.2733289414105629
hap_018,0.4519923494758611,0.5511708594597559,0.0973580605731193,0.43108773229167435
hap_019,0.1787031171731498,0.5022083349619587,0.41066269135016353,0.27362086603507096
hap_020,0.47151153860612793,0.4243914048098103,0.39358248781808985,0.14515780858697638
hap_021,0.43769410249030355,0.6523410728671217,0.5553052930519118,0.4168382266086526
hap_022,0.36544908581987895,0.5849986385814043,0.8309731077299718,0.33006833516973305
hap_023,0.4806793769968262,0.6849238951676034,0.5193981794371951,0.3495968536657141
hap_024,0.42296412751684426,0.5493219583956142,0.7098143363866631,0.4262931876270474
hap_025,0.3461904145825709,0.5172588038083521,0.37662184315493263,0.000813193852297335
hap_026,0.19245937463981305,0.5037048329043937,0.3972686511508572,0.28774434309868585
hap_027,0.30088639478490087,0.6791763199566038,0.5202940795654744,0.6178796474149617
hap_028,0.3126967910956519,0.5446356425256826,0.26994658832527646,0.2653413182801089
hap_029,0.3063040962429275,0.7482691216025302,0.5215915845497285,0.5137207579427109
hap_030,0.23722567845676337,0.5569119009823071,0.3563551561744904,0.20280703896179947
hap_031,0.3432082043505533,0.6085135908189889,0.7108229681382776,0.6195978334416232
hap_032,0.35217407271836326,0.6280306205560544,0.08383698216057234,0.5254416177949174
hap_033,0.2221961882352476,0.6168496427052502,0.8171616029593877,0.5004820177079777
hap_034,0.4189664515733023,0.6452063593973758,0.5789720853556672,0.4318830879247616
hap_035,0.2355372482264853,0.5886246717290924,0.356691503265001,0.09063702769270979
hap_036,0.4151594271910585,0.5466628302935326,0.7017576177561191,0.5122698103999713
hap_037,0.3538783387655182,0.5141888988974963,0.3726876462015248,0.008734225263583154
hap_038,0.46435023102617773,0.6962233827290156,0.5158114449115799,0.3460364233556541
hap_039,0.36027186593961613,0.4047583997788745,0.5315134253133853,0.0
hap_040,0.2062444050944228,0.5620032533486695,0.351982800448998,0.08191966897240098
hap_041,0.4810681701371125,0.701337752833749,0.5267488661617213,0.3594544042448561
hap_042,0.28780720285836703,0.6166848510913163,0.6617482498543501,0.524376599804793
hap_043,0.3309227862937111,0.44570680544897684,0.3594894816583055,0.28004748549457653
hap_044,0.5959521664750891,0.5241131720347105,0.687782873228244,0.26143378013364954
hap_045,0.298595153125442,0.6466631307857482,0.6673801183295793,0.5088398152345156
hap_046,0.19707680583076495,0.40366280511918684,0.5487141935447949,0.27135540095142135
hap_047,0.4393104170130689,0.5591019173665285,0.7066135532924406,0.55954001798544
hap_048,0.35775601281459096,0.562645661187948,0.8145432156413385,0.3006985300069405
hap_049,0.09812487965572388,0.5666535974774064,0.5098502500065645,0.043432371658308856
hap_050,0.2350080317474205,0.5878149646740056,0.9745775184411333,0.1906550654124083
hap_051,0.47163791268357735,0.4338317042496048,0.24736748987189663,0.42305631364386276
hap_052,0.5645748304897313,0.6517902163014256,0.42287345580064045,0.5885779875883592
hap_053,0.32559791263279336,0.5323531801831574,0.2590347755169569,0.4010753063995474
hap_054,0.11019333281472621,0.4726509734024634,0.6577706006343285,0.07569274366941452
hap_055,0.34690805797277224,0.5994643147429565,0.8298680832583437,0.09331038070852292
hap_056,0.3249694585730786,0.5579097939018575,0.25641600940803294,0.3133758053373078
hap_057,0.11673540216343149,0.48279954351305077,0.6459490128034379,0.04865949343189729
hap_058,0.3634890756725517,0.6350242045368591,0.6790752881059277,0.26435426146486474
hap_059,0.16551283307093526,0.5251792515670642,0.41020798581140144,0.25265259448730293
hap_060,0.47469528386345927,0.6255170557249667,0.6568640544403046,0.37856598021348475
hap_061,0.23359348314014614,0.49924785641060565,0.5136616483673491,0.08830101616236359
hap_062,0.4283911448983872,0.6387070889284475,0.5344289519195706,0.6337722718760929
hap_063,0.06427238144670534,0.48975143342439187,0.5260319381841602,0.357821452030388
hap_064,0.1849557359559568,0.5176492859031201,0.40677456605945983,0.27666482816756643
hap_065,0.3310793633030418,0.48275608522697655,1.0,0.09056246042718501
hap_066,0.5862315320843597,0.6323245674855458,0.5598562713620671,0.23862401977901576
hap_067,0.3458265299276091,0.6014351841258544,0.8504525019741542,0.10302541352842304
hap_068,0.16982060240405222,0.5235499296089364,0.3996792819588821,0.2618248332318492
hap_069,0.4355984644541258,0.671779841265978,0.5909262058018989,0.4492078939276779
hap_070,0.480982956999086,0.7064756234714937,0.5340536213642383,0.3483005422551274
hap_071,0.19115531301746339,0.6327204826164217,0.2228621319586333,0.3789539366401893
hap_072,0.48818914530227514,0.5292970603339316,0.24049349584185206,0.13382325715780957
hap_073,0.25827149173846464,0.46922817754034296,0.5106560952592312,0.19028572582440167
hap_074,0.17210753981793567,0.5385472888382883,0.3970054350057017,0.2460036855005005
hap_075,0.3156264905087532,0.41829412813624073,0.4025651880340397,0.39798859313368523
hap_076,0.21713644739475332,0.5805568675442513,0.9597804125273771,0.18777553564644153
hap_077,0.2253714581462494,0.675203556027543,0.7870534641422317,0.176960943932821
hap_078,0.42381381932129236,0.45970116180461096,0.25159535442313824,0.44886745840597814
hap_079,0.318830433364039,0.6352380998452816,0.6697507323765512,0.5270250674588838
hap_080,0.43417561628454593,0.5376481316058036,0.7283193723937581,0.5242071838900577
hap_081,0.18832665279430158,0.709197775309946,0.6741293912470488,0.4989171811294808
hap_082,0.3521571828383467,0.5928834994748705,0.8351117394764911,0.08290070702508151
hap_083,0.058627126915762405,0.601785434475053,0.36096849932493025,0.36162798291506526
hap_084,0.33974994807052844,0.41560661933826926,0.5232184607899275,0.03214862134030909
hap_085,0.43464948841612755,0.4790804589289706,0.2536801169393391,0.44030628418917517
hap_086,0.192829484046503,0.5329104031292449,0.36127974238007043,0.4100506425370825
hap_087,0.322346257675008,0.6445701210285478,0.0733720343023192,0.5196961181792864
hap_088,0.3282625523071183,0.5976488225777322,0.8649029438202137,0.09345236368124628
hap_089,0.436801405332473,0.6173191569387325,0.5722245932506607,0.5086078492458701
hap_090,0.2206811401093488,0.39428073077546155,0.689742954449371,0.003989372966084042
hap_091,0.4333838545742647,0.5570373908726204,0.7183003393746624,0.5296935295850811
hap_092,0.4590755982438217,0.4600501156535568,0.25314775395692896,0.42924644147716967
hap_093,0.46359535260754403,0.6808830042664475,0.5325208002533579,0.34293087629816166
hap_094,0.362230841990984,0.49371615017796155,0.4013845024899216,0.09859321986084506
hap_095,0.18053659207994222,0.6381530628899539,0.24497450251040803,0.3954706342723038
hap_096,0.3834158415331504,0.5103625525548836,0.40590783625695614,0.104446805860234
hap_097,0.31025928162338157,0.5369936927532096,0.8417952492864504,0.40947847635824886
hap_098,0.42116078917630295,0.621638035961785,0.5929116709691996,0.5414432244705004
hap_099,0.1975269766041728,0.6963892780980633,0.6714645589226546,0.4825288587482037
hap_100,0.06726028099527959,0.5955287232458825,0.38916526388928663,0.35084780480773087
hap_101,0.36370761539079066,0.6612325253613871,0.679985327911669,0.3136343123340181
hap_102,0.22350009323446676,0.4905584025486243,0.4893551104508226,0.0828867574370187
hap_103,0.34231687112964565,0.6117187420132749,0.6818211724243988,0.5908110101765935
hap_104,0.3468886366262125,0.6710244232580033,0.6646518525232501,0.33223955217578843
hap_105,0.49339855140719163,0.44343565956717684,0.3809774931567283,0.13136519863504945
hap_106,0.10707201965639775,0.561346565214349,0.5255486906563852,0.020524090398669037
hap_107,0.27333001814780467,0.6173448085952815,0.7171090751841414,0.40770425322010745
hap_108,0.3515741807768381,0.5941484280006003,0.8187431147358684,0.230486292140384
hap_109,0.3632823812782518,0.5928717609868305,0.8172791525059827,0.3076456360182213
hap_110,0.46081323747565234,0.5554021456037582,0.11198431893914386,0.45300491774673085
hap_111,0.46070639521459256,0.5016092356468933,0.22443268323517096,0.12432938745441337
hap_112,0.2457921336805202,0.4539444444051225,0.48715449767912594,0.1735552460607273
hap_113,0.5979723273587353,0.5891233994449632,0.5592506543963466,0.559900692822341
hap_114,0.3278383924154628,0.668277282575226,0.6637213171035651,0.2014853389662044
hap_115,0.3273615597390984,0.6076937648166056,0.07178483406215024,0.5225150979453694
hap_116,0.37705952824999567,0.40454062918637823,0.5125269314227303,0.1093246191868147
hap_117,0.17859108725232073,0.6301442068533756,0.22351861922529434,0.3702208236801075
hap_118,0.1731860805207876,0.7049865908384714,0.6952874638709574,0.4838710024851905
hap_119,0.3796291612326513,0.6881719207933567,0.6704442126614824,0.3237158229604911
